;"Alter;Einkommen;Preis;Geschlecht;Zeit;KundeNr"
0;"64;66894.0;88160.31;1.0;43.0;K0310"
1;"54;77644.0;103145.7;1.0;40.0;K1042"
2;"55;44341.0;80565.16;0.0;37.0;K0382"
3;"49;67271.0;83949.89;0.0;42.0;K0498"
4;"46;49832.0;93781.58;0.0;41.0;K0552"
5;"59;62970.0;83862.47;1.0;56.0;K0833"
6;"36;23660.0;49960.18;1.0;23.0;K0097"
7;"50;62422.0;94530.65;1.0;38.0;K0290"
8;"32;34112.0;62280.35;1.0;36.0;K0950"
9;"62;77546.0;124857.23;1.0;52.0;K0102"
10;"68;77662.0;118227.18;1.0;54.0;K1098"
11;"45;68432.0;82849.76;0.0;39.0;K0071"
12;"51;37169.0;57319.84;0.0;31.0;K1023"
13;"65;78613.0;114603.28;1.0;50.0;K0482"
14;"53;69721.0;98479.34;1.0;54.0;K0440"
15;"62;62350.0;84761.44;1.0;42.0;K0877"
16;"34;57844.0;62302.49;1.0;54.0;K0295"
17;"55;44222.0;78218.77;1.0;37.0;K0329"
18;"53;74381.0;120881.72;0.0;57.0;K0433"
19;"57;45095.0;77157.15;0.0;42.0;K0142"
20;"43;52813.0;67106.32;0.0;44.0;K0762"
21;"46;49340.0;69960.66;0.0;47.0;K0459"
22;"62;89774.0;117051.99;1.0;72.0;K0865"
23;"55;66861.0;97465.12;0.0;54.0;K1001"
24;"66;84822.0;118968.62;0.0;56.0;K0889"
25;"59;91693.0;121840.18;1.0;52.0;K0917"
26;"67;61517.0;80799.11;0.0;43.0;K0537"
27;"66;78548.0;121289.35;0.0;69.0;K0362"
28;"40;61386.0;81555.07;0.0;53.0;K0856"
29;"41;45016.0;65106.71;0.0;39.0;K0399"
30;"30;39302.0;71437.17;1.0;35.0;K0448"
31;"65;83431.0;119640.51;1.0;65.0;K0210"
32;"48;46259.0;73400.97;1.0;29.0;K0502"
33;"53;56160.0;93839.56;1.0;38.0;K0782"
34;"37;47689.0;73619.96;0.0;20.0;K0912"
35;"55;56264.0;83364.29;1.0;40.0;K0412"
36;"34;27844.0;41694.48;0.0;36.0;K0690"
37;"43;72619.0;94619.66;1.0;56.0;K0698"
38;"57;51842.0;70527.14;0.0;51.0;K0045"
39;"39;16051.0;24654.09;0.0;29.0;K0535"
40;"55;63325.0;89117.31;0.0;46.0;K0766"
41;"58;64638.0;98621.47;1.0;46.0;K0335"
42;"44;54514.0;80645.05;1.0;53.0;K0695"
43;"39;44538.0;74086.48;0.0;40.0;K0603"
44;"65;96471.0;145684.18;1.0;55.0;K0520"
45;"36;35235.0;67764.25;1.0;22.0;K0468"
46;"36;41489.0;63321.68;1.0;47.0;K1047"
47;"70;77553.0;119128.85;1.0;58.0;K0619"
48;"62;62829.0;96175.78;1.0;42.0;K0449"
49;"50;67714.0;90616.13;0.0;55.0;K0919"
50;"69;73444.0;115561.62;1.0;47.0;K0052"
51;"52;49778.0;72763.75;1.0;44.0;K0732"
52;"46;61088.0;117616.31;1.0;48.0;K0622"
53;"40;61057.0;77084.28;0.0;47.0;K0735"
54;"35;52067.0;67345.58;1.0;44.0;K0199"
55;"58;64180.0;98148.01;1.0;51.0;K0057"
56;"41;39630.0;80659.67;1.0;41.0;K0507"
57;"46;67665.0;83620.57;0.0;50.0;K0299"
58;"40;43103.0;77219.0;0.0;33.0;K0531"
59;"35;39813.0;60757.87;0.0;31.0;K0998"
60;"40;45448.0;70066.79;0.0;40.0;K0193"
61;"61;90246.0;111436.45;0.0;61.0;K0139"
62;"65;60323.0;90362.92;1.0;47.0;K0588"
63;"57;70535.0;88743.79;1.0;46.0;K0406"
64;"64;76331.0;108153.91;1.0;52.0;K0630"
65;"53;57988.0;114801.87;1.0;45.0;K0713"
66;"35;58838.0;81539.66;1.0;47.0;K1056"
67;"68;89783.0;138190.26;1.0;73.0;K0957"
68;"64;69256.0;110341.3;1.0;47.0;K0110"
69;"46;47284.0;62114.5;0.0;46.0;K0278"
70;"66;63799.0;109159.01;1.0;48.0;K0032"
71;"40;47192.0;72220.0;0.0;48.0;K0087"
72;"41;42992.0;65811.72;1.0;38.0;K0454"
73;"37;45503.0;50836.91;1.0;35.0;K0089"
74;"51;66908.0;93021.39;1.0;65.0;K0108"
75;"38;34983.0;39236.62;0.0;33.0;K0333"
76;"43;38995.0;61300.12;1.0;43.0;K0944"
77;"64;60640.0;92602.45;1.0;46.0;K0774"
78;"46;62061.0;105588.24;1.0;43.0;K0716"
79;"55;63152.0;101027.77;1.0;46.0;K1029"
80;"63;65114.0;102718.58;1.0;47.0;K0466"
81;"31;45575.0;67425.51;1.0;41.0;K0729"
82;"39;48855.0;68265.8;1.0;46.0;K0426"
83;"68;84070.0;122645.18;1.0;63.0;K0573"
84;"68;83899.0;128052.56;0.0;59.0;K0523"
85;"55;81244.0;108119.52;1.0;58.0;K0614"
86;"44;40928.0;68349.12;0.0;36.0;K0938"
87;"53;30821.0;58450.55;1.0;26.0;K0011"
88;"33;46732.0;78942.39;1.0;37.0;K1094"
89;"61;59597.0;104647.51;0.0;47.0;K0934"
90;"53;63147.0;105317.06;1.0;47.0;K0725"
91;"31;30572.0;47857.93;0.0;31.0;K0328"
92;"31;24944.0;31094.22;1.0;35.0;K0179"
93;"57;37682.0;48170.28;0.0;45.0;K0568"
94;"42;68945.0;88842.18;1.0;49.0;K0974"
95;"49;32964.0;49823.49;0.0;29.0;K0591"
96;"37;55505.0;61612.78;1.0;39.0;K0952"
97;"40;50626.0;75452.53;1.0;40.0;K0586"
98;"43;45517.0;63320.19;0.0;33.0;K0114"
99;"60;60569.0;89849.34;0.0;52.0;K0843"
100;"68;94307.0;139799.0;0.0;56.0;K0334"
101;"46;50946.0;83406.88;0.0;32.0;K0050"
102;"63;92456.0;141292.39;0.0;57.0;K0060"
103;"69;80400.0;120052.16;0.0;54.0;K0945"
104;"50;55477.0;88889.58;1.0;46.0;K1028"
105;"35;25203.0;48554.06;1.0;37.0;K0755"
106;"49;34170.0;53806.21;0.0;30.0;K0274"
107;"35;53806.0;84195.58;1.0;45.0;K0949"
108;"50;35262.0;55722.36;0.0;25.0;K0585"
109;"55;79794.0;118498.73;1.0;54.0;K0784"
110;"41;46542.0;63477.0;;40.0;K0024"
111;"62;72626.0;109158.35;1.0;59.0;K0219"
112;"68;77118.0;83418.33;1.0;47.0;K0159"
113;"47;56965.0;86689.81;0.0;41.0;K0532"
114;"48;67923.0;104683.62;0.0;41.0;K0211"
115;"63;55422.0;81784.14;0.0;40.0;K0680"
116;"50;64086.0;92285.2;1.0;34.0;K1035"
117;"51;72996.0;124497.54;0.0;50.0;K0813"
118;"34;25970.0;45444.01;0.0;33.0;K0981"
119;"30;42551.0;58706.65;1.0;46.0;K0084"
120;"58;73890.0;100147.52;0.0;48.0;K0982"
121;"39;59413.0;80369.74;0.0;44.0;K0421"
122;"60;51460.0;80985.24;1.0;31.0;K0834"
123;"51;72225.0;120296.65;0.0;52.0;K0826"
124;"46;65611.0;85435.92;1.0;54.0;K0721"
125;"61;57745.0;102766.17;1.0;49.0;K0129"
126;"35;38580.0;47131.37;1.0;44.0;K0360"
127;"36;55185.0;64034.01;0.0;50.0;K0276"
128;"58;52599.0;88810.94;1.0;47.0;K0954"
129;"32;31090.0;59413.64;1.0;29.0;K0320"
130;"58;59695.0;99547.37;1.0;43.0;K0077"
131;"66;73497.0;104863.39;1.0;47.0;K0618"
132;"49;40198.0;62115.3;1.0;52.0;K0209"
133;"37;43760.0;63570.42;1.0;35.0;K0571"
134;"68;70277.0;130143.33;1.0;48.0;K0221"
135;"56;66786.0;108886.48;1.0;55.0;K0287"
136;"47;57545.0;70459.81;1.0;45.0;K0789"
137;"48;47153.0;67603.44;0.0;20.0;K0378"
138;"48;30477.0;53902.36;1.0;29.0;K0244"
139;"36;47319.0;76696.47;0.0;43.0;K0140"
140;"36;39697.0;60883.05;0.0;48.0;K0232"
141;"40;59298.0;96941.73;1.0;40.0;K0994"
142;"100;88749.0;119134.23;0.0;64.0;K0494"
143;"35;51556.0;73467.98;1.0;46.0;K0631"
144;"69;82036.0;118543.95;0.0;52.0;K0372"
145;"56;69651.0;123769.4;1.0;54.0;K0709"
146;"62;62114.0;87670.86;1.0;44.0;K0271"
147;"37;37168.0;55031.56;1.0;30.0;K0815"
148;"31;41983.0;43660.45;1.0;50.0;K0968"
149;"36;46427.0;57408.1;1.0;28.0;K1055"
150;"70;63937.0;121009.5;0.0;46.0;K0157"
151;"33;23596.0;44008.34;1.0;27.0;K0862"
152;"56;67000.0;117255.91;1.0;63.0;K0964"
153;"56;57640.0;83811.43;0.0;46.0;K0986"
154;"65;86078.0;133381.03;0.0;68.0;K1030"
155;"55;62380.0;92302.99;0.0;64.0;K0465"
156;"30;49606.0;76579.11;0.0;34.0;K0079"
157;"32;50330.0;49540.28;1.0;27.0;K0175"
158;"32;28303.0;57388.47;0.0;26.0;K0809"
159;"64;93624.0;126237.04;1.0;55.0;K0791"
160;"64;85374.0;121684.52;1.0;62.0;K0528"
161;"50;41164.0;74268.93;1.0;31.0;K0644"
162;"62;80179.0;138650.02;1.0;56.0;K0332"
163;"43;44559.0;74144.49;1.0;22.0;K0040"
164;"32;40277.0;42093.26;1.0;34.0;K0031"
165;"63;63391.0;105484.64;0.0;43.0;K0814"
166;"65;77918.0;104728.1;1.0;62.0;K0137"
167;"35;53464.0;82821.95;1.0;41.0;K0055"
168;"65;58549.0;97388.62;1.0;38.0;K0812"
169;"34;55070.0;67139.29;0.0;46.0;K0717"
170;"60;70296.0;94507.15;1.0;46.0;K0526"
171;"50;70355.0;104977.17;0.0;50.0;K1063"
172;"51;75335.0;110590.22;0.0;50.0;K0324"
173;"47;48751.0;79984.29;1.0;43.0;K0632"
174;"37;48957.0;76412.36;0.0;36.0;K0004"
175;"33;35813.0;54223.32;1.0;31.0;K0431"
176;"70;90763.0;149827.25;1.0;74.0;K0505"
177;"36;59150.0;63818.75;0.0;46.0;K1072"
178;"30;51957.0;86152.97;1.0;37.0;K0689"
179;"66;67768.0;125157.59;1.0;54.0;K1014"
180;"58;65162.0;106934.76;1.0;56.0;K0261"
181;"51;54077.0;77842.13;1.0;48.0;K0200"
182;"55;68245.0;112358.24;0.0;52.0;K0059"
183;"60;68926.0;91715.99;1.0;39.0;K0064"
184;"67;87538.0;120582.75;1.0;53.0;K0702"
185;"44;57008.0;77339.83;0.0;43.0;K0714"
186;"68;62116.0;98786.45;0.0;44.0;K0366"
187;"63;85695.0;114451.46;1.0;61.0;K0101"
188;"61;65117.0;102799.87;0.0;49.0;K0169"
189;"69;63958.0;106491.22;1.0;42.0;K0540"
190;"51;64228.0;85280.73;0.0;46.0;K0356"
191;"53;68587.0;94955.06;0.0;61.0;K0248"
192;"49;66068.0;93925.34;1.0;51.0;K0569"
193;"61;74008.0;110730.9;1.0;62.0;K1074"
194;"61;91903.0;111764.41;0.0;60.0;K0389"
195;"40;45828.0;93946.55;1.0;46.0;K1024"
196;"59;78591.0;121131.95;1.0;66.0;K1080"
197;"49;74627.0;102198.45;1.0;65.0;K0887"
198;"64;86943.0;126122.42;1.0;68.0;K0480"
199;"31;22137.0;38697.44;1.0;20.0;K1046"
200;"43;70304.0;83886.2;1.0;52.0;K0067"
201;"37;31911.0;49510.98;0.0;34.0;K0615"
202;"52;49657.0;89589.3;1.0;46.0;K0068"
203;"45;57880.0;98898.93;0.0;44.0;K0245"
204;"69;89082.0;124730.66;1.0;66.0;K0013"
205;"52;59767.0;90442.28;1.0;52.0;K0355"
206;"34;51868.0;87676.29;1.0;33.0;K0757"
207;"55;62186.0;90301.78;0.0;38.0;K0463"
208;"33;45811.0;64066.66;1.0;40.0;K0297"
209;"59;66293.0;91936.18;0.0;44.0;K0637"
210;"51;65955.0;122657.88;0.0;44.0;K0753"
211;"30;18515.0;41027.79;1.0;30.0;K0185"
212;"49;55986.0;71207.17;1.0;37.0;K0343"
213;"61;72725.0;109982.32;1.0;42.0;K0582"
214;"34;60319.0;77978.88;0.0;51.0;K0238"
215;"47;55536.0;76897.16;0.0;37.0;K0483"
216;"62;76222.0;107580.68;1.0;56.0;K1058"
217;"53;50089.0;90472.38;1.0;39.0;K0322"
218;"33;38675.0;56493.4;1.0;13.0;K0983"
219;"33;35064.0;48350.07;1.0;39.0;K0925"
220;"30;42861.0;74561.85;1.0;42.0;K0772"
221;"54;57917.0;94386.02;1.0;47.0;K1007"
222;"64;78797.0;109839.35;1.0;65.0;K0257"
223;"59;59443.0;99016.21;0.0;46.0;K0291"
224;"57;56668.0;95820.3;0.0;37.0;K0293"
225;"44;48195.0;85705.57;1.0;29.0;K0003"
226;"48;44481.0;63604.43;1.0;30.0;K0007"
227;"40;50097.0;73036.86;0.0;38.0;K0902"
228;"69;74462.0;110415.92;1.0;36.0;K0391"
229;"69;88545.0;130019.9;1.0;58.0;K1085"
230;"60;89512.0;145466.52;1.0;59.0;K0319"
231;"31;37149.0;65317.0;1.0;29.0;K0886"
232;"66;77961.0;121393.97;0.0;40.0;K0963"
233;"31;56282.0;81611.9;0.0;43.0;K0883"
234;"61;72965.0;117298.71;0.0;52.0;K0216"
235;"45;82896.0;116749.66;1.0;53.0;K0266"
236;"38;44329.0;48028.91;0.0;29.0;K0534"
237;"65;80375.0;121858.27;1.0;64.0;K0874"
238;"30;55132.0;74760.4;0.0;55.0;K0597"
239;"41;53816.0;68749.31;1.0;34.0;K0446"
240;"61;82624.0;134755.8;1.0;59.0;K1100"
241;"55;75863.0;96369.11;1.0;60.0;K0763"
242;"46;67111.0;93112.35;1.0;55.0;K0658"
243;"57;78848.0;122846.97;1.0;59.0;K0300"
244;"68;66119.0;107741.21;0.0;59.0;K0799"
245;"57;73224.0;94361.83;1.0;49.0;K0617"
246;"35;20317.0;60372.24;0.0;24.0;K0368"
247;"44;42754.0;69418.9;0.0;35.0;K0894"
248;"43;33444.0;63707.22;1.0;36.0;K0347"
249;"30;47328.0;72459.7;0.0;45.0;K0429"
250;"63;88113.0;123910.94;1.0;72.0;K0705"
251;"54;53037.0;88479.15;1.0;44.0;K0026"
252;"60;94859.0;138156.74;1.0;61.0;K0425"
253;"60;66507.0;103384.25;1.0;41.0;K0975"
254;"65;45863.0;88037.39;0.0;47.0;K1011"
255;"37;28037.0;37558.95;0.0;24.0;K0980"
256;"69;89976.0;129284.1;1.0;71.0;K0107"
257;"33;69142.0;107174.44;1.0;52.0;K0056"
258;"66;86491.0;127825.69;1.0;59.0;K0381"
259;"48;66286.0;88275.44;1.0;38.0;K0214"
260;"56;67292.0;90615.29;1.0;54.0;K0121"
261;"52;43463.0;57784.07;1.0;26.0;K0881"
262;"36;57337.0;95615.03;0.0;53.0;K0553"
263;"53;54940.0;82628.47;1.0;45.0;K0073"
264;"42;44277.0;67064.45;1.0;39.0;K0629"
265;"31;38149.0;46875.9;1.0;43.0;K0353"
266;"38;57891.0;73104.4;1.0;38.0;K0508"
267;"44;56488.0;99913.03;1.0;39.0;K0850"
268;"57;66341.0;85104.71;0.0;38.0;K0627"
269;"62;79285.0;121004.55;1.0;49.0;K0443"
270;"53;62592.0;93932.46;1.0;48.0;K0307"
271;"63;60374.0;92221.35;1.0;38.0;K0352"
272;"44;63671.0;102706.73;0.0;48.0;K0775"
273;"68;69381.0;102303.37;1.0;45.0;K0524"
274;"66;74011.0;116589.56;1.0;56.0;K0696"
275;"51;63650.0;95477.5;1.0;54.0;K1069"
276;"62;73034.0;104459.86;1.0;38.0;K0579"
277;"60;51150.0;94420.15;1.0;38.0;K0309"
278;"38;45935.0;76303.93;0.0;49.0;K0478"
279;"39;45873.0;75731.69;1.0;47.0;K0061"
280;"37;38116.0;77480.16;0.0;29.0;K0606"
281;"34;52606.0;83864.29;1.0;42.0;K0093"
282;"33;35069.0;43110.27;0.0;29.0;K0719"
283;"43;56948.0;67634.12;1.0;35.0;K0923"
284;"31;30362.0;34904.28;0.0;31.0;K0783"
285;"51;68806.0;98128.97;0.0;61.0;K0281"
286;"62;86770.0;112809.13;1.0;63.0;K0825"
287;"63;83693.0;119357.7;1.0;70.0;K0424"
288;"37;56641.0;59783.06;0.0;50.0;K0345"
289;"61;60160.0;100767.22;1.0;53.0;K0183"
290;"34;46577.0;71156.2;1.0;30.0;K0544"
291;"60;62903.0;125573.59;1.0;47.0;K0838"
292;"30;34125.0;46414.4;1.0;30.0;K0111"
293;"43;50963.0;76275.31;0.0;34.0;K0405"
294;"32;38008.0;59823.29;1.0;17.0;K0598"
295;"41;53363.0;75926.68;1.0;38.0;K0533"
296;"53;47966.0;73902.32;1.0;39.0;K0486"
297;"32;45461.0;69182.41;1.0;36.0;K0742"
298;"47;55494.0;83850.57;0.0;38.0;K0928"
299;"47;55524.0;67983.37;0.0;41.0;K0262"
300;"70;67872.0;114545.55;0.0;44.0;K0495"
301;"30;54381.0;83223.78;1.0;42.0;K0550"
302;"63;66597.0;83837.24;0.0;40.0;K0727"
303;"55;60489.0;105741.8;1.0;47.0;K1003"
304;"42;53324.0;79456.84;1.0;38.0;K0138"
305;"60;60911.0;97769.6;0.0;52.0;K0596"
306;"62;74323.0;103270.9;1.0;46.0;K0363"
307;"67;73888.0;111202.84;1.0;51.0;K0896"
308;"64;72974.0;106325.73;1.0;36.0;K0653"
309;"39;39225.0;83313.68;1.0;29.0;K0667"
310;"50;57036.0;95823.72;1.0;40.0;K0671"
311;"44;52043.0;72895.13;1.0;42.0;K0030"
312;"53;49798.0;61329.51;;39.0;K0166"
313;"62;96569.0;140745.65;0.0;80.0;K0249"
314;"58;59308.0;73667.3;0.0;50.0;K0308"
315;"43;50456.0;88108.0;1.0;34.0;K0785"
316;"48;61627.0;82405.97;1.0;53.0;K0669"
317;"64;63436.0;95562.13;0.0;45.0;K0337"
318;"30;55391.0;61951.79;0.0;39.0;K0868"
319;"38;54535.0;79772.26;1.0;49.0;K0765"
320;"58;49680.0;77792.44;0.0;43.0;K0452"
321;"41;39800.0;79421.65;1.0;45.0;K0410"
322;"42;41390.0;58786.52;1.0;34.0;K0675"
323;"50;69342.0;115292.51;0.0;42.0;K0583"
324;"37;66398.0;101131.52;1.0;46.0;K0066"
325;"42;59171.0;85183.22;1.0;52.0;K0491"
326;"41;42509.0;61738.05;0.0;37.0;K0984"
327;"34;24811.0;57541.73;1.0;12.0;K0395"
328;"69;76932.0;133380.54;1.0;48.0;K0255"
329;"51;48813.0;52577.91;0.0;28.0;K0800"
330;"61;49390.0;85180.08;0.0;33.0;K0313"
331;"30;50998.0;95539.65;1.0;38.0;K0888"
332;"47;55841.0;70169.26;1.0;60.0;K0222"
333;"30;24933.0;40285.18;0.0;26.0;K0236"
334;"57;58882.0;80802.02;1.0;48.0;K0436"
335;"41;49499.0;77389.91;1.0;34.0;K0602"
336;"66;82969.0;138621.96;0.0;62.0;K0306"
337;"53;44034.0;69020.15;1.0;40.0;K0479"
338;"62;65422.0;113261.61;1.0;48.0;K0650"
339;"56;84320.0;104544.82;1.0;62.0;K1049"
340;"53;63121.0;82460.27;0.0;49.0;K0250"
341;"39;40699.0;66612.75;1.0;34.0;K1038"
342;"45;45230.0;91201.91;0.0;32.0;K0584"
343;"47;56068.0;88529.55;1.0;52.0;K0072"
344;"70;94606.0;139830.32;1.0;58.0;K0095"
345;"50;47571.0;83365.24;0.0;39.0;K0034"
346;"39;54801.0;84900.44;0.0;42.0;K0722"
347;"54;55785.0;90085.01;1.0;38.0;K0260"
348;"35;32553.0;66814.09;0.0;19.0;K0205"
349;"55;65084.0;104045.73;1.0;38.0;K0778"
350;"52;61228.0;81411.98;0.0;55.0;K0694"
351;"59;78492.0;122336.16;1.0;56.0;K0768"
352;"44;46659.0;87048.58;1.0;36.0;K0078"
353;"37;48042.0;54313.59;1.0;36.0;K0085"
354;"36;60066.0;78126.13;1.0;36.0;K1064"
355;"53;58050.0;78625.3;1.0;37.0;K0083"
356;"35;48079.0;65670.65;0.0;39.0;K0828"
357;"34;29899.0;45878.08;0.0;24.0;K0527"
358;"61;56063.0;98148.54;1.0;44.0;K0679"
359;"48;34459.0;44237.57;1.0;43.0;K0922"
360;"45;47515.0;66554.21;0.0;40.0;K0434"
361;"61;68022.0;77134.04;1.0;67.0;K0428"
362;"46;54548.0;100672.01;1.0;58.0;K0536"
363;"57;65801.0;110519.86;0.0;41.0;K0351"
364;"36;36269.0;49092.44;0.0;37.0;K0951"
365;"68;93315.0;141822.38;1.0;69.0;K0006"
366;"62;100769.0;125018.41;0.0;71.0;K0311"
367;"37;55129.0;73887.77;1.0;53.0;K0549"
368;"66;62843.0;113812.63;1.0;53.0;K0105"
369;"38;47861.0;66834.88;0.0;37.0;K0098"
370;"45;46099.0;84552.86;0.0;41.0;K0605"
371;"55;64604.0;69621.64;0.0;38.0;K0869"
372;"62;81002.0;115409.9;1.0;54.0;K0315"
373;"45;46082.0;78379.94;0.0;34.0;K0514"
374;"58;75531.0;94646.93;1.0;50.0;K1059"
375;"43;37376.0;63383.29;1.0;42.0;K0063"
376;"51;57821.0;93565.3;1.0;43.0;K0282"
377;"46;44038.0;72625.61;1.0;34.0;K0723"
378;"70;84497.0;116193.41;1.0;69.0;K0267"
379;"56;55688.0;94116.03;0.0;49.0;K0561"
380;"66;65063.0;106463.24;1.0;56.0;K0239"
381;"34;53286.0;57023.34;1.0;40.0;K0430"
382;"57;42006.0;50508.57;0.0;32.0;K0146"
383;"52;58873.0;80225.35;1.0;39.0;K1031"
384;"63;73099.0;118236.17;1.0;51.0;K0651"
385;"38;33873.0;56924.35;0.0;28.0;K0623"
386;"43;43130.0;61803.14;0.0;35.0;K0119"
387;"33;43936.0;78850.36;1.0;45.0;K0676"
388;"34;39614.0;56174.25;1.0;26.0;K0515"
389;"40;46710.0;77768.25;0.0;38.0;K0251"
390;"30;45508.0;64916.89;1.0;38.0;K1073"
391;"37;38717.0;56575.12;0.0;34.0;K0286"
392;"66;98881.0;131352.24;1.0;64.0;K0546"
393;"40;43750.0;67687.0;1.0;28.0;K0010"
394;"52;67475.0;93897.2;1.0;37.0;K0458"
395;"34;43470.0;70250.0;1.0;41.0;K0197"
396;"40;39921.0;65687.09;1.0;45.0;K0731"
397;"64;90952.0;116583.47;0.0;61.0;K0371"
398;"38;46715.0;101650.7;1.0;50.0;K0082"
399;"54;75271.0;122250.09;1.0;60.0;K0390"
400;"52;63079.0;100733.46;1.0;46.0;K0529"
401;"48;63876.0;90833.08;1.0;51.0;K0590"
402;"48;54835.0;73324.94;1.0;52.0;K1086"
403;"49;69396.0;86666.48;0.0;52.0;K0993"
404;"61;79130.0;106664.4;1.0;49.0;K0240"
405;"50;32462.0;65554.28;1.0;30.0;K0414"
406;"55;54760.0;86038.6;0.0;45.0;K0212"
407;"34;24264.0;22580.44;1.0;19.0;K0859"
408;"68;1000000000.0;87209.72;0.0;52.0;K0701"
409;"42;52370.0;74270.35;0.0;48.0;K0576"
410;"52;90021.0;124563.89;1.0;64.0;K0228"
411;"58;80881.0;102290.11;1.0;33.0;K1019"
412;"56;68794.0;108744.79;1.0;57.0;K0621"
413;"52;53837.0;64750.35;1.0;22.0;K0487"
414;"35;48208.0;78096.44;1.0;50.0;K0948"
415;"31;45328.0;68156.01;0.0;39.0;K0178"
416;"70;82041.0;106587.98;1.0;44.0;K1067"
417;"42;34792.0;71876.74;1.0;27.0;K0539"
418;"58;73853.0;97928.13;1.0;50.0;K0136"
419;"64;81163.0;124639.62;0.0;60.0;K0589"
420;"69;79059.0;115211.31;0.0;53.0;K0450"
421;"39;39831.0;56301.97;1.0;41.0;K0808"
422;"39;37905.0;61717.86;1.0;32.0;K1101"
423;"52;60315.0;106359.99;1.0;40.0;K0008"
424;"61;64831.0;113585.7;0.0;35.0;K0437"
425;"42;63657.0;84814.32;1.0;40.0;K0156"
426;"44;14547.0;28960.3;1.0;29.0;K0708"
427;"51;55866.0;84704.04;0.0;35.0;K0358"
428;"55;56358.0;105656.62;0.0;49.0;K0645"
429;"30;49623.0;65451.53;1.0;42.0;K0224"
430;"46;67067.0;88579.71;1.0;45.0;K0330"
431;"43;49162.0;84864.12;0.0;43.0;K0594"
432;"31;33788.0;67174.26;0.0;28.0;K0543"
433;"69;87922.0;120453.26;0.0;54.0;K0929"
434;"33;51920.0;54310.26;0.0;38.0;K0555"
435;"37;45690.0;64971.82;1.0;34.0;K0683"
436;"61;64150.0;91908.79;0.0;47.0;K0747"
437;"31;19138.0;21471.65;0.0;37.0;K0845"
438;"55;79452.0;117307.67;1.0;49.0;K0990"
439;"50;42001.0;69941.72;1.0;29.0;K0697"
440;"49;63355.0;111931.58;1.0;45.0;K1066"
441;"67;73998.0;111198.78;1.0;55.0;K0704"
442;"60;61297.0;89077.09;1.0;39.0;K0558"
443;"69;75241.0;128050.39;1.0;44.0;K0932"
444;"56;79198.0;85437.96;1.0;54.0;K1051"
445;"41;53509.0;90805.35;0.0;37.0;K0441"
446;"46;64863.0;101644.17;0.0;45.0;K1052"
447;"57;76586.0;104976.08;1.0;45.0;K0847"
448;"55;68214.0;75900.15;0.0;47.0;K0801"
449;"66;67497.0;117195.91;1.0;55.0;K0164"
450;"60;49925.0;84170.57;0.0;39.0;K0229"
451;"36;48447.0;90879.99;1.0;45.0;K0786"
452;"40;46664.0;59309.97;1.0;36.0;K0873"
453;"32;43819.0;57548.45;1.0;47.0;K0213"
454;"66;88070.0;129089.55;1.0;53.0;K0915"
455;"54;54712.0;92084.38;1.0;35.0;K0080"
456;"40;53774.0;90227.44;1.0;37.0;K0149"
457;"35;44671.0;58157.49;1.0;34.0;K0303"
458;"63;47767.0;81512.67;0.0;53.0;K0761"
459;"39;46774.0;93641.06;1.0;40.0;K0995"
460;"33;52554.0;60796.8;0.0;34.0;K0738"
461;"58;63385.0;93077.19;0.0;41.0;K0718"
462;"49;63769.0;88665.28;1.0;41.0;K0044"
463;"39;36057.0;73098.28;1.0;32.0;K0969"
464;"68;80664.0;122681.63;0.0;63.0;K0134"
465;"66;62298.0;88092.7;1.0;53.0;K0666"
466;"58;48730.0;87338.42;1.0;34.0;K0746"
467;"52;60428.0;102443.11;0.0;43.0;K0600"
468;"50;53438.0;81140.06;1.0;50.0;K0312"
469;"34;25640.0;59338.04;0.0;27.0;K0409"
470;"52;59873.0;76854.89;1.0;39.0;K1077"
471;"34;47144.0;76527.76;1.0;50.0;K0970"
472;"69;62333.0;123546.58;0.0;32.0;K0678"
473;"54;64833.0;93686.46;1.0;54.0;K0940"
474;"58;68532.0;86666.09;0.0;51.0;K0979"
475;"39;35523.0;54246.76;1.0;36.0;K0971"
476;"68;89437.0;114481.9;1.0;62.0;K0001"
477;"65;73513.0;119578.06;1.0;43.0;K0423"
478;"44;51181.0;83060.06;1.0;33.0;K0361"
479;"52;59011.0;88150.0;1.0;45.0;K0383"
480;"47;60557.0;96808.99;0.0;49.0;K0317"
481;"54;43811.0;77794.39;1.0;45.0;K0926"
482;"39;45332.0;77782.69;0.0;24.0;K0476"
483;"49;56231.0;67307.08;0.0;33.0;K0846"
484;"62;67502.0;104564.5;1.0;43.0;K0965"
485;"58;64297.0;110338.33;1.0;56.0;K0530"
486;"31;31976.0;45789.83;1.0;33.0;K0635"
487;"46;46549.0;62984.61;0.0;43.0;K1065"
488;"51;56496.0;78599.02;1.0;49.0;K0141"
489;"68;57238.0;84306.46;1.0;54.0;K0173"
490;"39;28981.0;67912.67;1.0;28.0;K0451"
491;"42;49536.0;62506.44;0.0;39.0;K0126"
492;"56;61743.0;100812.37;1.0;41.0;K0542"
493;"39;31451.0;41728.39;1.0;27.0;K0562"
494;"34;41276.0;53961.89;1.0;33.0;K0661"
495;"47;48752.0;78207.23;0.0;38.0;K1048"
496;"64;63338.0;92846.99;1.0;39.0;K0091"
497;"57;68664.0;118552.48;0.0;58.0;K1070"
498;"66;83118.0;113976.31;0.0;67.0;K0182"
499;"37;54403.0;53690.36;0.0;47.0;K0364"
500;"48;58620.0;95311.77;1.0;52.0;K0559"
501;"37;44398.0;57851.21;0.0;39.0;K0275"
502;"53;47554.0;85424.37;1.0;37.0;K0835"
503;"37;42600.0;65540.55;0.0;25.0;K0252"
504;"50;59505.0;78150.23;0.0;37.0;K0070"
505;"62;47766.0;91150.03;1.0;47.0;K0292"
506;"66;73170.0;109500.77;0.0;54.0;K0132"
507;"59;81225.0;111772.36;1.0;57.0;K0301"
508;"42;47660.0;69281.41;0.0;46.0;K0567"
509;"56;45484.0;68018.6;1.0;35.0;K0327"
510;"40;33908.0;69238.65;1.0;45.0;K0848"
511;"57;65311.0;87351.94;1.0;47.0;K0145"
512;"51;59485.0;96388.95;0.0;49.0;K0500"
513;"41;50613.0;81875.89;1.0;35.0;K0905"
514;"30;47053.0;85990.12;1.0;39.0;K1095"
515;"59;69178.0;80282.57;1.0;48.0;K0496"
516;"53;62497.0;95797.57;1.0;47.0;K0339"
517;"42;58398.0;86430.54;1.0;38.0;K0804"
518;"62;84681.0;115423.31;0.0;50.0;K0165"
519;"45;47574.0;87328.47;1.0;33.0;K0029"
520;"41;46486.0;79483.05;1.0;40.0;K0517"
521;"46;58938.0;78516.69;1.0;57.0;K0194"
522;"46;37812.0;67614.67;1.0;39.0;K0693"
523;"53;70392.0;89785.65;1.0;59.0;K0170"
524;"45;45742.0;83874.88;0.0;39.0;K0599"
525;"31;39454.0;65981.74;1.0;39.0;K0174"
526;"50;57994.0;93543.59;1.0;49.0;K0519"
527;"67;79290.0;122565.05;1.0;46.0;K0853"
528;"47;45296.0;69529.36;0.0;40.0;K0592"
529;"52;66942.0;90579.78;0.0;50.0;K0492"
530;"55;63491.0;115135.5;1.0;39.0;K0074"
531;"66;65032.0;96232.71;1.0;53.0;K0920"
532;"31;60920.0;92362.74;0.0;49.0;K0235"
533;"49;67407.0;96728.92;1.0;49.0;K0215"
534;"54;60464.0;79245.06;0.0;55.0;K0793"
535;"52;80319.0;124885.27;0.0;51.0;K0133"
536;"57;75502.0;112788.96;1.0;61.0;K0616"
537;"52;50014.0;86755.55;1.0;38.0;K0788"
538;"48;31841.0;58334.15;1.0;28.0;K0186"
539;"55;54161.0;104859.86;1.0;36.0;K0042"
540;"56;74257.0;110427.22;0.0;49.0;K0109"
541;"62;60595.0;101207.94;0.0;36.0;K0712"
542;"67;89170.0;123408.48;1.0;76.0;K1093"
543;"42;45845.0;97820.78;1.0;42.0;K0875"
544;"68;89120.0;135200.0;0.0;55.0;K0484"
545;"33;49726.0;71847.89;1.0;41.0;K0469"
546;"51;50677.0;83785.2;0.0;34.0;K0025"
547;"55;66128.0;117054.79;0.0;43.0;K0924"
548;"51;68102.0;101089.53;1.0;52.0;K0910"
549;"53;80451.0;112949.61;1.0;58.0;K0895"
550;"30;30285.0;49774.03;1.0;22.0;K0908"
551;"33;45996.0;70449.86;1.0;29.0;K0367"
552;"66;78982.0;116107.59;1.0;45.0;K0794"
553;"38;33666.0;50494.07;1.0;13.0;K0384"
554;"60;70713.0;93794.62;0.0;48.0;K0455"
555;"64;79102.0;120716.52;1.0;54.0;K0265"
556;"43;56035.0;83116.94;1.0;51.0;K0781"
557;"70;90512.0;133444.42;1.0;56.0;K0818"
558;"66;82404.0;113241.16;0.0;55.0;K0445"
559;"51;62402.0;106473.29;1.0;55.0;K0396"
560;"46;62212.0;81404.44;1.0;42.0;K0177"
561;"59;72303.0;101687.09;0.0;44.0;K0019"
562;"44;44135.0;90278.48;1.0;50.0;K0595"
563;"49;62203.0;85122.57;1.0;43.0;K0724"
564;"65;65989.0;102710.38;1.0;44.0;K0062"
565;"50;59828.0;87813.11;0.0;46.0;K0273"
566;"38;47762.0;72194.21;1.0;39.0;K1037"
567;"62;56784.0;80874.62;0.0;38.0;K0279"
568;"59;64556.0;115909.26;1.0;52.0;K0707"
569;"61;72628.0;107586.29;0.0;43.0;K0369"
570;"32;26860.0;37058.29;0.0;26.0;K0744"
571;"44;49072.0;68862.67;1.0;43.0;K0978"
572;"35;48297.0;62369.93;1.0;37.0;K0823"
573;"48;60494.0;85749.76;1.0;39.0;K0548"
574;"37;41869.0;62593.9;1.0;29.0;K0737"
575;"30;45604.0;69872.12;1.0;35.0;K0756"
576;"64;74222.0;108488.51;1.0;50.0;K0457"
577;"68;72078.0;93935.85;1.0;51.0;K0394"
578;"59;65278.0;91121.52;1.0;42.0;K0831"
579;"47;46708.0;70719.18;1.0;31.0;K1006"
580;"48;47062.0;79825.38;0.0;34.0;K0376"
581;"55;66738.0;120215.5;1.0;52.0;K0413"
582;"54;56229.0;97038.57;0.0;40.0;K0075"
583;"69;76330.0;120784.01;1.0;47.0;K1033"
584;"42;53660.0;77862.18;1.0;37.0;K0501"
585;"30;31727.0;62658.18;0.0;20.0;K0674"
586;"32;42406.0;45125.2;1.0;39.0;K0115"
587;"59;64816.0;102801.02;1.0;54.0;K0418"
588;"64;83452.0;133180.7;;62.0;K0090"
589;"53;77106.0;111716.45;1.0;51.0;K1057"
590;"54;43162.0;81298.0;1.0;34.0;K0499"
591;"45;42110.0;67204.52;1.0;33.0;K0733"
592;"33;27264.0;49485.54;1.0;15.0;K0740"
593;"65;73235.0;115599.05;0.0;40.0;K0012"
594;"58;70268.0;103403.43;1.0;48.0;K0397"
595;"39;35011.0;57408.01;0.0;32.0;K0668"
596;"69;61320.0;113385.31;1.0;50.0;K0946"
597;"31;26047.0;63491.25;1.0;24.0;K0043"
598;"61;76325.0;116425.9;1.0;45.0;K0168"
599;"62;84673.0;118973.65;1.0;57.0;K0417"
600;"57;77726.0;125762.16;0.0;56.0;K0577"
601;"63;80199.0;138366.29;0.0;70.0;K0904"
602;"48;77759.0;130352.49;0.0;42.0;K0427"
603;"58;63366.0;104762.36;1.0;49.0;K0545"
604;"44;62396.0;94641.94;0.0;43.0;K1034"
605;"45;45825.0;80681.1;1.0;42.0;K1084"
606;"35;35242.0;63070.96;1.0;34.0;K0844"
607;"54;72410.0;117491.52;1.0;53.0;K0741"
608;"54;49596.0;68169.84;0.0;40.0;K0258"
609;"55;50959.0;88240.21;1.0;46.0;K0336"
610;"51;47883.0;90273.18;1.0;45.0;K0016"
611;"70;89117.0;128700.13;0.0;63.0;K0758"
612;"52;66602.0;98756.07;;45.0;K0325"
613;"40;56643.0;96334.06;0.0;35.0;K0913"
614;"64;92461.0;105443.46;1.0;66.0;K0906"
615;"69;83089.0;136022.46;1.0;42.0;K0223"
616;"57;75347.0;111539.65;0.0;49.0;K0180"
617;"41;63780.0;90449.48;0.0;47.0;K0100"
618;"45;38876.0;78038.11;1.0;45.0;K0522"
619;"62;75575.0;124516.56;1.0;50.0;K0023"
620;"54;51135.0;95898.4;1.0;36.0;K0357"
621;"54;71828.0;99915.01;0.0;54.0;K0802"
622;"52;58284.0;93481.79;1.0;43.0;K1025"
623;"57;62292.0;99289.0;1.0;46.0;K0612"
624;"69;85191.0;134143.64;0.0;55.0;K1071"
625;"36;28194.0;33483.78;0.0;33.0;K0341"
626;"45;45178.0;70342.95;0.0;43.0;K0432"
627;"59;70484.0;107496.17;0.0;58.0;K0852"
628;"56;79765.0;117216.16;1.0;59.0;K0991"
629;"38;38681.0;65930.74;1.0;36.0;K0204"
630;"55;53760.0;93912.15;0.0;33.0;K0760"
631;"68;83716.0;125611.48;0.0;53.0;K0094"
632;"55;62026.0;79649.63;0.0;61.0;K1039"
633;"69;71612.0;116360.51;1.0;42.0;K0069"
634;"47;60658.0;87172.44;0.0;39.0;K0751"
635;"67;87141.0;147149.94;0.0;65.0;K0285"
636;"51;66558.0;115445.45;1.0;54.0;K1060"
637;"31;28390.0;59963.88;0.0;29.0;K0435"
638;"30;14993.0;33678.17;0.0;34.0;K0154"
639;"70;86939.0;132147.29;0.0;67.0;K0076"
640;"32;43734.0;49055.81;0.0;34.0;K0876"
641;"35;39852.0;63972.97;1.0;35.0;K0581"
642;"32;30856.0;27934.83;1.0;18.0;K0447"
643;"61;73383.0;105062.59;0.0;49.0;K0189"
644;"43;54023.0;67446.84;1.0;36.0;K0272"
645;"41;62190.0;72016.19;1.0;46.0;K0237"
646;"61;72690.0;101692.85;0.0;55.0;K0488"
647;"49;56341.0;83125.26;1.0;45.0;K1068"
648;"68;76627.0;106279.31;1.0;59.0;K0560"
649;"55;51515.0;78247.78;0.0;51.0;K0118"
650;"42;44684.0;87308.31;0.0;39.0;K0884"
651;"62;79791.0;101275.87;0.0;48.0;K0972"
652;"48;67677.0;94002.32;1.0;42.0;K0513"
653;"54;42499.0;75331.36;1.0;45.0;K0634"
654;"67;94092.0;135212.01;1.0;63.0;K0662"
655;"65;59789.0;96988.98;1.0;45.0;K0959"
656;"59;68591.0;85536.41;1.0;50.0;K0715"
657;"61;83098.0;116002.86;1.0;53.0;K0127"
658;"34;39181.0;41898.43;0.0;39.0;K0117"
659;"50;65573.0;99556.57;1.0;40.0;K0474"
660;"35;58918.0;82500.37;1.0;57.0;K0829"
661;"47;57101.0;79106.97;1.0;43.0;K0058"
662;"61;63590.0;86929.76;0.0;34.0;K0604"
663;"70;68456.0;111312.94;1.0;51.0;K0810"
664;"57;81401.0;113014.09;1.0;49.0;K0657"
665;"41;49301.0;68579.84;1.0;49.0;K0759"
666;"64;75171.0;112055.97;1.0;53.0;K0106"
667;"39;45869.0;80389.23;1.0;32.0;K0636"
668;"59;55669.0;84097.56;0.0;31.0;K0370"
669;"62;63275.0;110109.58;1.0;38.0;K0269"
670;"35;51440.0;76009.29;0.0;50.0;K0656"
671;"37;45467.0;75752.08;1.0;43.0;K0047"
672;"44;47183.0;70636.85;1.0;34.0;K0350"
673;"53;70100.0;107089.66;1.0;54.0;K0196"
674;"52;69175.0;103778.57;1.0;54.0;K0103"
675;"34;16069.0;36929.31;0.0;20.0;K0992"
676;"68;54974.0;83002.22;1.0;42.0;K0947"
677;"43;58063.0;93120.95;1.0;45.0;K0916"
678;"39;42008.0;69244.54;0.0;45.0;K0882"
679;"31;31826.0;61856.99;0.0;20.0;K0264"
680;"57;66921.0;95988.37;0.0;57.0;K1062"
681;"62;84548.0;110128.73;1.0;58.0;K0444"
682;"47;69003.0;102390.57;0.0;46.0;K0811"
683;"35;40901.0;66275.03;1.0;49.0;K0878"
684;"70;84543.0;128417.08;1.0;60.0;K0305"
685;"65;88138.0;123538.59;0.0;58.0;K0342"
686;"41;38996.0;66237.4;0.0;28.0;K1002"
687;"52;68820.0;88926.82;0.0;45.0;K0314"
688;"57;57191.0;96831.38;0.0;53.0;K0150"
689;"55;67004.0;114150.05;1.0;51.0;K0125"
690;"52;66760.0;103242.45;1.0;45.0;K0937"
691;"53;53504.0;98914.66;1.0;42.0;K0977"
692;"66;82882.0;127752.43;0.0;56.0;K0665"
693;"65;70352.0;92584.18;0.0;49.0;K0051"
694;"61;65481.0;95229.38;1.0;44.0;K0354"
695;"55;51720.0;98714.27;1.0;34.0;K1061"
696;"31;36296.0;35482.61;0.0;31.0;K0143"
697;"58;65705.0;102678.3;0.0;57.0;K0471"
698;"30;23521.0;24543.56;1.0;24.0;K0654"
699;"55;67168.0;95526.72;0.0;57.0;K0400"
700;"50;59847.0;95607.73;1.0;43.0;K0754"
701;"69;69084.0;107414.81;1.0;41.0;K0321"
702;"67;78468.0;123598.99;0.0;47.0;K0020"
703;"55;77056.0;118343.37;1.0;54.0;K0685"
704;"62;80910.0;108522.61;0.0;59.0;K0962"
705;"46;46834.0;71854.37;1.0;47.0;K0941"
706;"37;50552.0;83913.36;1.0;45.0;K0999"
707;"59;79812.0;112833.38;1.0;50.0;K0408"
708;"36;41243.0;55677.0;1.0;31.0;K0538"
709;"44;39771.0;72076.48;1.0;32.0;K0953"
710;"33;57513.0;62722.06;0.0;44.0;K0966"
711;"120;61857.0;104214.07;1.0;52.0;K0039"
712;"66;61785.0;108131.17;0.0;52.0;K0176"
713;"32;40729.0;54787.08;1.0;33.0;K0246"
714;"31;30097.0;59710.03;1.0;26.0;K0985"
715;"46;47322.0;73162.63;1.0;34.0;K0803"
716;"43;35922.0;51533.78;0.0;27.0;K0901"
717;"54;85929.0;129836.57;1.0;66.0;K1054"
718;"56;73496.0;94040.73;0.0;47.0;K0155"
719;"62;76582.0;124774.93;0.0;61.0;K0639"
720;"32;45882.0;78435.1;1.0;45.0;K0663"
721;"56;58547.0;99077.0;0.0;60.0;K0288"
722;"42;56364.0;66173.96;1.0;50.0;K0626"
723;"63;66387.0;112799.7;0.0;44.0;K0686"
724;"34;43401.0;58491.97;1.0;36.0;K0880"
725;"57;40164.0;77779.65;0.0;46.0;K0570"
726;"38;35130.0;52189.58;1.0;51.0;K0890"
727;"53;55741.0;83296.61;0.0;41.0;K0018"
728;"68;93769.0;137923.28;1.0;42.0;K0128"
729;"61;67757.0;107610.75;0.0;47.0;K0323"
730;"49;35194.0;65668.36;1.0;28.0;K0256"
731;"67;91461.0;131748.07;;66.0;K0790"
732;"47;40566.0;54913.08;0.0;30.0;K1087"
733;"61;68606.0;99514.15;1.0;41.0;K0191"
734;"30;45256.0;62326.68;1.0;37.0;K0116"
735;"58;60549.0;95376.05;0.0;44.0;K1081"
736;"34;40849.0;60157.5;1.0;36.0;K1013"
737;"67;80824.0;132575.6;1.0;52.0;K0607"
738;"52;63832.0;84810.82;0.0;35.0;K0181"
739;"58;48580.0;77722.17;1.0;32.0;K0302"
740;"64;71888.0;108277.84;0.0;49.0;K0907"
741;"31;29275.0;51628.74;1.0;30.0;K0854"
742;"41;39563.0;78550.75;1.0;39.0;K0867"
743;"55;59442.0;88964.7;1.0;36.0;K0821"
744;"68;67429.0;100668.95;0.0;54.0;K0797"
745;"54;71244.0;92301.85;1.0;51.0;K0518"
746;"45;50903.0;79988.48;1.0;52.0;K0373"
747;"36;69703.0;86119.52;0.0;50.0;K0046"
748;"66;76920.0;113661.11;1.0;53.0;K0477"
749;"32;52664.0;72598.33;1.0;53.0;K0158"
750;"46;58260.0;104933.18;1.0;43.0;K0891"
751;"41;59921.0;111734.31;0.0;40.0;K0172"
752;"31;42377.0;69094.76;1.0;31.0;K0017"
753;"60;64260.0;95392.37;0.0;33.0;K0512"
754;"43;42342.0;66374.97;1.0;37.0;K0049"
755;"33;30037.0;62787.47;1.0;28.0;K0192"
756;"52;84942.0;110785.84;1.0;49.0;K1000"
757;"64;84143.0;106701.56;0.0;42.0;K0516"
758;"39;40159.0;67170.69;1.0;37.0;K1102"
759;"63;71039.0;98163.51;1.0;48.0;K0822"
760;"64;64626.0;113550.22;0.0;55.0;K0481"
761;"67;93757.0;134096.72;1.0;54.0;K0284"
762;"35;52473.0;86012.47;1.0;57.0;K0860"
763;"32;47570.0;82420.11;1.0;38.0;K0787"
764;"57;73261.0;95081.32;0.0;52.0;K0226"
765;"56;61920.0;94455.39;1.0;49.0;K0027"
766;"43;70080.0;94723.69;0.0;48.0;K0933"
767;"56;74505.0;103566.8;1.0;50.0;K0438"
768;"42;70246.0;94369.73;1.0;44.0;K1075"
769;"34;24647.0;49746.45;1.0;26.0;K0365"
770;"59;61009.0;103904.6;0.0;40.0;K0230"
771;"33;41309.0;82824.09;1.0;25.0;K0038"
772;"46;62109.0;79387.46;1.0;50.0;K0670"
773;"34;45499.0;58717.86;1.0;40.0;K0750"
774;"30;37341.0;41316.33;1.0;32.0;K1088"
775;"59;56937.0;109491.66;1.0;55.0;K0375"
776;"40;41023.0;59175.54;0.0;49.0;K0470"
777;"43;53520.0;94866.27;1.0;44.0;K1089"
778;"41;31809.0;44588.0;1.0;27.0;K0688"
779;"33;43075.0;60255.17;1.0;37.0;K1012"
780;"53;43943.0;71806.29;1.0;35.0;K0842"
781;"43;48335.0;68096.85;0.0;42.0;K0870"
782;"67;72430.0;116130.92;1.0;43.0;K0195"
783;"55;52440.0;73482.49;0.0;41.0;K1043"
784;"66;79684.0;111685.27;0.0;44.0;K1027"
785;"41;49106.0;60659.78;1.0;35.0;K0504"
786;"31;32891.0;59486.79;0.0;34.0;K1090"
787;"65;79806.0;124673.13;0.0;69.0;K0988"
788;"67;93933.0;124053.4;0.0;61.0;K0580"
789;"37;45011.0;63758.96;1.0;38.0;K0161"
790;"57;68984.0;81325.05;0.0;41.0;K0681"
791;"64;70698.0;118855.24;1.0;45.0;K1041"
792;"38;49724.0;69448.24;0.0;33.0;K0163"
793;"47;51053.0;89354.82;1.0;49.0;K0706"
794;"37;66600.0;86748.87;1.0;49.0;K1015"
795;"62;64538.0;113786.43;1.0;49.0;K0153"
796;"48;48903.0;59895.32;0.0;38.0;K0817"
797;"49;65479.0;92555.99;1.0;45.0;K0866"
798;"38;61052.0;93849.29;1.0;39.0;K0903"
799;"64;79138.0;114319.8;0.0;59.0;K0112"
800;"54;70130.0;127478.45;1.0;46.0;K0227"
801;"66;74400.0;114577.68;1.0;51.0;K0824"
802;"53;59879.0;92542.02;1.0;39.0;K0104"
803;"34;39127.0;71127.46;0.0;27.0;K0422"
804;"52;77055.0;121764.28;1.0;60.0;K0420"
805;"64;91409.0;140161.07;1.0;76.0;K0897"
806;"66;86787.0;127064.84;0.0;54.0;K0587"
807;"68;80968.0;135002.85;1.0;47.0;K0931"
808;"38;45470.0;72615.51;1.0;40.0;K0673"
809;"68;80444.0;131551.59;1.0;44.0;K0120"
810;"31;33214.0;58416.51;1.0;31.0;K0054"
811;"68;73781.0;120941.76;0.0;55.0;K0152"
812;"58;54668.0;99426.78;1.0;42.0;K0404"
813;"48;45545.0;75700.83;0.0;30.0;K1103"
814;"32;35961.0;42830.37;0.0;28.0;K0208"
815;"34;43862.0;91438.09;1.0;32.0;K0659"
816;"69;84021.0;133358.19;1.0;56.0;K1005"
817;"58;48755.0;95736.22;1.0;43.0;K0911"
818;"40;50085.0;68956.52;0.0;42.0;K0009"
819;"58;67540.0;106543.4;1.0;47.0;K0960"
820;"47;63067.0;102867.75;1.0;41.0;K0037"
821;"42;47953.0;65155.0;1.0;45.0;K0453"
822;"70;86609.0;142906.55;1.0;60.0;K0652"
823;"67;53207.0;90531.33;1.0;41.0;K0254"
824;"64;82125.0;99958.46;0.0;66.0;K0304"
825;"40;40278.0;45917.71;1.0;37.0;K0893"
826;"70;80568.0;120515.75;0.0;43.0;K0572"
827;"62;70035.0;98348.59;1.0;52.0;K0624"
828;"33;41209.0;56426.61;1.0;30.0;K0849"
829;"63;80414.0;101554.64;1.0;49.0;K1104"
830;"35;41525.0;75726.31;1.0;30.0;K0851"
831;"47;67211.0;84216.96;1.0;45.0;K0263"
832;"37;48132.0;63544.0;1.0;32.0;K0611"
833;"64;72069.0;116154.84;1.0;47.0;K0298"
834;"68;107689.0;165482.31;1.0;60.0;K0415"
835;"54;56914.0;83783.08;0.0;36.0;K0151"
836;"62;73197.0;115604.15;0.0;41.0;K0939"
837;"57;40366.0;58229.04;1.0;23.0;K0779"
838;"47;55970.0;76520.05;1.0;40.0;K0641"
839;"70;73211.0;121272.09;0.0;64.0;K1040"
840;"51;51743.0;91562.01;1.0;42.0;K0551"
841;"62;75303.0;116978.57;1.0;48.0;K0942"
842;"66;64077.0;109821.52;1.0;48.0;K0489"
843;"35;35300.0;58384.57;1.0;33.0;K0820"
844;"67;71177.0;112500.75;1.0;57.0;K0711"
845;"59;79235.0;130383.85;0.0;68.0;K0148"
846;"49;52215.0;87326.82;1.0;37.0;K0147"
847;"48;54204.0;86153.64;0.0;54.0;K0863"
848;"45;40446.0;76851.18;0.0;41.0;K0346"
849;"69;79491.0;127058.7;1.0;74.0;K0885"
850;"38;46165.0;60325.44;1.0;35.0;K1036"
851;"60;56507.0;84172.64;0.0;41.0;K0660"
852;"65;69167.0;110950.37;1.0;42.0;K0771"
853;"52;81387.0;91299.91;1.0;55.0;K0349"
854;"39;47664.0;71040.72;1.0;36.0;K0464"
855;"31;43389.0;52734.87;0.0;47.0;K0326"
856;"31;39617.0;60089.79;1.0;35.0;K0187"
857;"44;52258.0;72060.58;0.0;47.0;K0124"
858;"57;76694.0;120681.69;0.0;58.0;K1016"
859;"53;66225.0;78191.01;1.0;49.0;K0609"
860;"35;56593.0;74955.3;1.0;51.0;K0144"
861;"57;60125.0;89090.25;1.0;41.0;K0752"
862;"58;56452.0;86683.9;0.0;37.0;K1082"
863;"63;76247.0;103879.52;1.0;40.0;K0198"
864;"57;81624.0;123507.46;1.0;63.0;K0610"
865;"32;55589.0;60798.72;0.0;44.0;K0837"
866;"41;28790.0;55293.51;0.0;44.0;K0280"
867;"62;68397.0;92611.11;0.0;49.0;K0294"
868;"65;52291.0;83234.33;0.0;40.0;K0989"
869;"45;46062.0;61105.39;1.0;25.0;K0401"
870;"44;57848.0;81081.18;1.0;43.0;K0123"
871;"62;73353.0;104733.83;0.0;51.0;K0184"
872;"62;75407.0;115505.36;1.0;55.0;K0203"
873;"49;63205.0;92627.74;0.0;35.0;K0439"
874;"38;46525.0;80802.74;1.0;34.0;K0836"
875;"49;73660.0;107200.27;1.0;51.0;K0247"
876;"65;72055.0;105462.29;1.0;51.0;K0416"
877;"54;55557.0;72637.98;1.0;38.0;K0927"
878;"70;77481.0;114318.99;1.0;60.0;K0914"
879;"63;69742.0;94365.56;1.0;43.0;K1050"
880;"64;65754.0;95513.44;1.0;53.0;K0918"
881;"33;47124.0;79603.78;1.0;35.0;K0053"
882;"33;37491.0;53138.58;0.0;32.0;K0130"
883;"34;27982.0;31074.53;0.0;28.0;K0638"
884;"51;58438.0;90811.71;1.0;52.0;K0403"
885;"67;69567.0;128522.22;1.0;53.0;K0935"
886;"34;23826.0;48808.86;0.0;34.0;K0921"
887;"45;62178.0;85463.8;1.0;46.0;K0736"
888;"44;68447.0;96292.93;0.0;47.0;K0855"
889;"53;59694.0;91743.18;1.0;40.0;K1053"
890;"69;74254.0;102553.46;1.0;63.0;K0220"
891;"61;74239.0;106676.91;1.0;65.0;K0642"
892;"58;65271.0;106258.99;1.0;44.0;K0002"
893;"60;73978.0;109383.25;0.0;44.0;K0899"
894;"59;80507.0;122494.92;1.0;52.0;K1076"
895;"36;27831.0;38628.85;0.0;37.0;K0081"
896;"49;58030.0;102268.68;1.0;38.0;K0625"
897;"67;88160.0;116308.36;0.0;67.0;K0997"
898;"69;80988.0;130219.27;0.0;57.0;K0909"
899;"30;40170.0;63566.56;1.0;44.0;K0387"
900;"59;63905.0;94428.01;1.0;38.0;K1092"
901;"33;41016.0;61945.93;0.0;36.0;K0807"
902;"57;57867.0;78941.48;0.0;35.0;K0510"
903;"65;73022.0;100337.77;0.0;64.0;K0268"
904;"67;78366.0;109630.95;1.0;55.0;K0973"
905;"64;67455.0;116446.72;1.0;38.0;K0442"
906;"46;46352.0;76759.63;1.0;22.0;K0497"
907;"33;34894.0;60765.14;1.0;29.0;K0830"
908;"66;70138.0;102407.29;1.0;59.0;K0113"
909;"59;61988.0;83817.23;0.0;34.0;K0692"
910;"45;62886.0;91266.15;1.0;50.0;K0233"
911;"65;82579.0;119442.59;0.0;52.0;K0472"
912;"41;38158.0;49170.73;0.0;37.0;K0608"
913;"43;41643.0;68969.85;0.0;25.0;K0672"
914;"42;63339.0;90132.53;1.0;54.0;K0374"
915;"50;45848.0;48780.22;1.0;47.0;K0827"
916;"52;58625.0;113237.35;1.0;46.0;K0664"
917;"42;41463.0;74976.67;1.0;43.0;K1004"
918;"55;66624.0;94540.15;1.0;36.0;K0234"
919;"66;95730.0;138765.11;1.0;63.0;K0819"
920;"62;66385.0;110890.06;1.0;45.0;K0936"
921;"30;28784.0;42416.07;1.0;34.0;K0677"
922;"54;72215.0;117790.98;1.0;42.0;K0318"
923;"42;55975.0;80767.86;0.0;38.0;K0649"
924;"45;60218.0;102902.04;1.0;41.0;K0411"
925;"40;40385.0;60570.44;0.0;38.0;K1044"
926;"63;58435.0;87561.26;1.0;47.0;K0710"
927;"51;40228.0;64816.33;1.0;31.0;K0359"
928;"64;64196.0;107141.39;1.0;48.0;K0259"
929;"56;81045.0;125101.5;0.0;58.0;K0745"
930;"58;49747.0;77878.69;1.0;48.0;K0628"
931;"34;65070.0;98105.63;1.0;57.0;K0633"
932;"59;76842.0;94309.74;0.0;47.0;K0283"
933;"46;40684.0;66968.71;1.0;36.0;K0377"
934;"41;46713.0;49617.32;1.0;40.0;K0385"
935;"40;50730.0;69432.02;1.0;30.0;K0225"
936;"61;59927.0;100903.48;1.0;47.0;K1079"
937;"51;47827.0;71298.43;1.0;39.0;K0967"
938;"54;60025.0;74740.62;1.0;42.0;K0473"
939;"41;62740.0;91641.0;0.0;52.0;K0348"
940;"48;45333.0;65343.65;1.0;40.0;K0506"
941;"30;41029.0;70761.65;0.0;32.0;K0640"
942;"32;23753.0;40179.55;0.0;22.0;K1099"
943;"46;51329.0;77922.3;1.0;32.0;K0798"
944;"42;48275.0;70990.88;1.0;42.0;K0340"
945;"65;60136.0;116989.74;1.0;44.0;K0556"
946;"65;55071.0;90033.88;1.0;41.0;K0620"
947;"43;52541.0;79916.64;0.0;36.0;K1020"
948;"62;79399.0;125617.3;0.0;56.0;K0955"
949;"54;64748.0;104496.28;1.0;47.0;K0646"
950;"62;57795.0;85730.62;0.0;38.0;K1008"
951;"35;59218.0;89824.77;0.0;33.0;K0557"
952;"60;71186.0;115349.19;1.0;53.0;K0682"
953;"54;55199.0;64942.31;1.0;59.0;K0578"
954;"39;61809.0;80843.31;1.0;44.0;K0796"
955;"53;61613.0;99068.03;1.0;50.0;K0086"
956;"64;71112.0;121577.09;1.0;55.0;K0243"
957;"31;44046.0;51186.35;1.0;31.0;K0699"
958;"69;72349.0;103823.85;1.0;61.0;K0839"
959;"35;55716.0;63069.62;1.0;25.0;K0160"
960;"43;53186.0;93969.09;1.0;43.0;K0525"
961;"68;79182.0;125939.52;1.0;48.0;K0036"
962;"38;59079.0;92587.82;1.0;56.0;K0541"
963;"70;95326.0;133593.66;1.0;66.0;K0171"
964;"50;48277.0;88936.09;1.0;47.0;K0655"
965;"50;78249.0;114846.09;1.0;55.0;K0749"
966;"69;0.0;125140.05;1.0;65.0;K1021"
967;"69;77887.0;126098.91;0.0;51.0;K1009"
968;"61;94363.0;137974.71;1.0;50.0;K0485"
969;"60;61431.0;105250.41;1.0;33.0;K0734"
970;"34;46252.0;62891.18;0.0;39.0;K0900"
971;"57;60138.0;102300.93;1.0;35.0;K0096"
972;"48;57825.0;94299.04;1.0;31.0;K0564"
973;"38;35214.0;50205.8;1.0;32.0;K0241"
974;"61;65648.0;100202.5;0.0;51.0;K0743"
975;"49;60621.0;81988.0;1.0;41.0;K0864"
976;"32;61059.0;81549.78;0.0;47.0;K0575"
977;"59;60769.0;72785.83;1.0;53.0;K0691"
978;"37;60379.0;83542.5;0.0;59.0;K0461"
979;"38;51844.0;60596.45;1.0;31.0;K0892"
980;"54;71830.0;113981.18;1.0;44.0;K0554"
981;"55;75123.0;97596.04;1.0;55.0;K0858"
982;"30;29432.0;61522.97;0.0;28.0;K1032"
983;"58;46940.0;78383.96;0.0;36.0;K0207"
984;"45;52953.0;69536.92;1.0;36.0;K0393"
985;"57;68942.0;96688.41;0.0;51.0;K0795"
986;"67;73602.0;124908.81;1.0;56.0;K0871"
987;"32;58361.0;71055.84;0.0;46.0;K0398"
988;"51;71583.0;99159.39;0.0;59.0;K0767"
989;"41;50856.0;87967.12;1.0;42.0;K1010"
990;"70;73363.0;111223.31;0.0;54.0;K0218"
991;"50;56621.0;92898.67;0.0;40.0;K0005"
992;"46;49781.0;73484.48;0.0;48.0;K0769"
993;"40;43259.0;58493.0;1.0;36.0;K0643"
994;"58;67418.0;95613.26;0.0;65.0;K0462"
995;"31;27160.0;40495.11;0.0;26.0;K0943"
996;"65;60902.0;114790.5;1.0;52.0;K0613"
997;"69;67799.0;99345.38;0.0;55.0;K0739"
998;"67;81679.0;124223.23;0.0;57.0;K0961"
999;"67;74189.0;118596.14;0.0;44.0;K0547"
1000;"60;70775.0;101574.15;0.0;64.0;K0987"
1001;"34;52759.0;77110.67;1.0;53.0;K0726"
1002;"58;68451.0;114851.71;1.0;45.0;K1097"
1003;"68;84609.0;123507.33;1.0;54.0;K0684"
1004;"37;48532.0;68786.85;0.0;32.0;K0099"
1005;"49;69675.0;92342.53;1.0;51.0;K0805"
1006;"35;24355.0;55167.61;1.0;32.0;K0728"
1007;"30;36552.0;51200.08;0.0;21.0;K0574"
1008;"34;44113.0;69211.99;1.0;34.0;K0407"
1009;"65;68189.0;97143.57;0.0;36.0;K0503"
1010;"64;77668.0;116246.65;0.0;63.0;K0048"
1011;"36;24397.0;32833.88;0.0;38.0;K0033"
1012;"37;44420.0;51519.02;1.0;26.0;K0930"
1013;"52;60063.0;109287.55;1.0;31.0;K0780"
1014;"66;94518.0;119618.58;0.0;62.0;K0840"
1015;"40;55005.0;76273.78;1.0;47.0;K0201"
1016;"44;43460.0;71339.81;0.0;45.0;K0135"
1017;"57;83306.0;112854.14;1.0;53.0;K0028"
1018;"38;55278.0;95883.59;1.0;46.0;K0041"
1019;"38;54775.0;75261.51;1.0;40.0;K1018"
1020;"64;89881.0;120551.98;0.0;55.0;K0231"
1021;"41;57422.0;75053.42;1.0;47.0;K0490"
1022;"37;30511.0;63585.76;0.0;29.0;K0773"
1023;"57;66962.0;103890.1;1.0;47.0;K0379"
1024;"63;65128.0;111253.56;1.0;42.0;K0289"
1025;"66;80562.0;121433.27;1.0;48.0;K0419"
1026;"30;23168.0;38984.74;1.0;23.0;K0392"
1027;"70;76112.0;107199.46;1.0;60.0;K0593"
1028;"56;65663.0;107678.5;1.0;55.0;K0648"
1029;"52;77888.0;105968.69;1.0;59.0;K0521"
1030;"44;47332.0;84281.71;0.0;36.0;K0065"
1031;"32;43022.0;50811.55;1.0;36.0;K0015"
1032;"54;65610.0;78467.12;1.0;59.0;K0493"
1033;"55;69487.0;93455.52;1.0;50.0;K0380"
1034;"55;76066.0;112809.53;0.0;52.0;K0188"
1035;"56;76011.0;125585.18;1.0;63.0;K0764"
1036;"36;51478.0;90484.89;1.0;32.0;K0217"
1037;"44;52628.0;80768.14;0.0;47.0;K0792"
1038;"39;50202.0;86793.36;1.0;30.0;K0879"
1039;"54;58380.0;89265.3;1.0;45.0;K0338"
1040;"39;57156.0;77986.08;1.0;39.0;K0720"
1041;"48;51210.0;64363.81;1.0;29.0;K0296"
1042;"60;57664.0;95386.14;0.0;51.0;K1017"
1043;"31;36628.0;58605.27;0.0;33.0;K0456"
1044;"69;77676.0;126864.71;1.0;62.0;K0816"
1045;"33;38152.0;68310.6;0.0;26.0;K0270"
1046;"69;65252.0;105771.99;1.0;42.0;K0996"
1047;"45;49088.0;80749.79;0.0;39.0;K0202"
1048;"56;66685.0;110938.59;1.0;55.0;K0162"
1049;"42;22279.0;61502.53;1.0;20.0;K0730"
1050;"66;85534.0;122017.62;1.0;59.0;K0402"
1051;"63;81261.0;109555.23;1.0;48.0;K0703"
1052;"32;26878.0;50126.6;1.0;36.0;K0566"
1053;"70;84074.0;144045.32;1.0;57.0;K1022"
1054;"30;52514.0;76020.69;1.0;27.0;K1026"
1055;"45;54276.0;88859.4;1.0;43.0;K0206"
1056;"38;48364.0;85707.42;1.0;35.0;K0035"
1057;"51;69957.0;102053.63;0.0;51.0;K0776"
1058;"36;40554.0;68345.72;1.0;24.0;K0509"
1059;"57;78835.0;112307.45;1.0;55.0;K1091"
1060;"62;71666.0;107104.52;1.0;59.0;K0092"
1061;"59;79283.0;105625.52;1.0;59.0;K0898"
1062;"68;61693.0;111218.49;0.0;52.0;K0565"
1063;"43;57981.0;96036.67;0.0;55.0;K0777"
1064;"70;80732.0;116569.27;1.0;52.0;K0242"
1065;"53;70398.0;102062.3;0.0;48.0;K0014"
1066;"32;53135.0;81152.36;1.0;53.0;K0316"
1067;"40;53679.0;77410.61;1.0;41.0;K0601"
1068;"63;82564.0;124742.75;1.0;59.0;K0388"
1069;"44;47834.0;69642.73;1.0;44.0;K0167"
1070;"65;62961.0;106364.96;1.0;56.0;K0841"
1071;"31;27501.0;39695.86;1.0;22.0;K0021"
1072;"51;61555.0;101804.21;0.0;36.0;K0647"
1073;"40;42128.0;78281.31;1.0;40.0;K0832"
1074;"55;45218.0;69467.58;1.0;34.0;K0563"
1075;"48;43335.0;67948.2;1.0;27.0;K1078"
1076;"32;43583.0;75274.62;0.0;37.0;K0687"
1077;"56;42003.0;84471.99;0.0;43.0;K0958"
1078;"35;41741.0;52271.78;0.0;38.0;K0190"
1079;"65;79589.0;117896.45;0.0;57.0;K0976"
1080;"40;76423.0;101008.49;0.0;51.0;K0700"
1081;"43;59012.0;91000.76;1.0;44.0;K0511"
1082;"59;-62840.374523;92837.59;0.0;46.0;K1083"
1083;"65;58270.0;85983.74;1.0;38.0;K0475"
1084;"37;57504.0;78406.83;1.0;40.0;K0857"
1085;"48;59014.0;97451.48;1.0;48.0;K0748"
1086;"65;70212.0;102160.74;1.0;45.0;K0253"
1087;"50;49026.0;79076.93;0.0;36.0;K0022"
1088;"55;61750.0;93666.44;1.0;52.0;K0460"
1089;"32;34846.0;48990.25;0.0;25.0;K0277"
1090;"59;68568.0;95476.41;0.0;41.0;K0956"
1091;"30;62318.0;93943.58;1.0;50.0;K0386"
1092;"54;84027.0;117270.4;1.0;58.0;K0806"
1093;"30;29264.0;54886.03;1.0;21.0;K0344"
1094;"55;71467.0;89954.18;1.0;59.0;K0770"
1095;"59;68825.0;83303.72;0.0;60.0;K0131"
1096;"66;58457.0;79415.76;1.0;35.0;K0872"
1097;"46;46384.0;82034.0;1.0;37.0;K0088"
1098;"69;96516.0;142208.17;1.0;64.0;K0331"
1099;"70;69581.0;103751.58;1.0;51.0;K0467"
1100;"38;48301.0;64230.98;1.0;33.0;K0122"
1101;"67;63547.0;103123.57;1.0;41.0;K1045"
1102;"37;32686.0;49215.87;1.0;36.0;K1096"
1103;"55;71240.0;106132.59;1.0;49.0;K0861"
